First Name,Last Name,Year Group
Ronna,Nellies,3
Rusty,Andriulis,2
Roberta,Oakeshott,5
Lola,Rubinfajn,3
Kamila,Benedtti,7
Avery,Colebourn,2
Valentino,Klimko,6
Cal,Shearwood,6
King,Truswell,5
Towney,Stichall,7
Aubrette,Mc Dermid,4
Adah,Chatres,3
Benedikt,Titterton,4
Rosina,Harberer,3
Panchito,Filinkov,2
Samara,Strike,6
Joane,McCormack,7
Griffie,Sitlinton,6
Gilberta,Silversmidt,6
Marjie,Matkovic,3
Uri,Cowterd,6
Korella,Mattisson,1
Findlay,Schonfelder,4
Jaquelyn,Jantzen,6
Davina,Gradwell,6
Nicolea,Selby,5
Moselle,Alelsandrovich,6
Honey,Nieass,1
Akim,Godfroy,3
Karole,Floch,4
Nata,Feldbaum,2
Jaquelin,Antonucci,7
Candra,Hallums,4
Den,Masters,7
Janifer,Marris,5
Carolus,Bremmer,5
Casey,Addicote,4
Brigida,De Ath,2
Kimberli,Severs,3
Maribeth,Blumson,3
Arabele,Rosenauer,7
Madison,Cominetti,7
Verina,Knoton,2
Wolfgang,Clubbe,4
Davin,Mazdon,7
Constantina,McIlwaine,4
Sayre,Merredy,3
Rodrick,Jeannot,4
Kain,Guerre,7
Blinni,Fieldstone,4
Annabell,Goscomb,1
Clayborn,Benazet,1
Mahala,Henze,7
Lanette,Berzen,7
Keefer,Ruckhard,3
Merrili,Truelock,6
Joete,Goutcher,5
Miguelita,Palfreman,2
Ossie,Mattes,2
Bear,Vernay,4
Teodor,Wragge,5
Daisie,Whitelaw,5
Emlynne,Littley,6
Britni,Walsh,4
Marys,Inseal,5
Paxton,Massow,6
Kerby,Scain,5
Johnathan,Lamplough,2
Jeni,Donald,3
Sylvia,Abrahamsohn,7
Cinnamon,Stoyle,6
Issi,Amey,2
Brion,Letson,6
Nappie,Sire,6
Pattie,Chapelle,5
Brynna,Armit,4
Gauthier,Bruinsma,3
Pren,Gudgeon,5
Wyn,Husthwaite,3
Allianora,Padrick,3
Malena,Bennough,6
Jarret,Winscom,3
Ree,Salmen,2
Hope,Dommerque,4
Guillermo,Trowle,2
Tibold,Cottingham,3
Cecilia,Poxton,6
Arri,Sleney,7
Regina,Isenor,6
Annalise,Roll,1
Othello,Blyth,4
Ave,Heyball,5
Friederike,Civitillo,5
Hayley,Rizzini,5
Blakelee,Monery,4
Jacenta,Cowton,2
Karlyn,Westmoreland,2
Yancey,Bachellier,6
Nerte,Lissandrini,7
Dorolice,Crosthwaite,3
Brantley,Thorley,6
Robin,Cypler,4
Phillie,Allsepp,2
Toddie,Artz,6
Marje,Antoshin,4
Rochella,Blazdell,2
Aryn,Thursfield,6
Isaiah,Antowski,2
Helli,Owbridge,5
Hadrian,Scourgie,4
Toddie,Nanetti,3
Inger,Sugar,4
Lezlie,Meyer,2
Rowland,Krinks,2
Fair,Baumber,3
Ekaterina,Graver,2
Farris,Spear,3
Shanie,Croisier,1
Fredric,Skerme,3
Christoph,Udall,7
Jared,Koba,1
Lucina,Gouley,5
Milka,Fosbraey,6
Iseabal,Aldwinckle,7
Colet,Featherstonehaugh,7
Jewelle,Skaif,6
Brose,Plumridge,7
Dotty,Oldknow,1
Stacy,Conneely,5
Iona,Ballister,7
Windy,Curgenuer,7
Kienan,Echalie,4
Nollie,Curley,3
Joelle,McGrory,2
Pooh,Schmidt,2
Coral,Phelipeaux,3
Gifford,McKeachie,6
Orelee,Videan,2
Toiboid,Scamerden,4
Shirline,Longstaff,3
Hurley,D'Alessandro,4
Orelia,Di Domenico,6
Glynda,O'Corrin,3
Bailie,Caraher,1
Elizabeth,Pattenden,3
Florian,Lardnar,4
Chantal,Caherny,7
Sasha,McMenamin,5
Ivar,Verbeek,5
Jamaal,Challicombe,1
Cello,Milnes,2
Leese,Leinster,1
Aleece,Bernardet,7
Archibaldo,Penwell,4
Berkly,Dodding,2
Ynez,Stive,6
Francene,Ebbin,2
Ilise,Bowring,6
Clo,Knoton,5
Guthrie,Valti,2
Stacey,Whartonby,6
Ernesta,Siggers,3
Denice,Espinet,7
Antin,Luesley,6
Alon,Brash,4
Harlen,Penke,7
Pyotr,Anten,3
Sean,Skelton,2
Cary,Johanssen,5
Yuri,Keywood,3
Ronnie,Narducci,2
Chucho,Longmore,1
Caleb,Kupka,6
Robbin,Harmant,7
Gaylor,Shotboult,2
Lamont,Tolefree,1
Wood,Upjohn,3
Brady,Seeds,2
Selma,Litherborough,3
Carly,Peasee,4
Rose,Artinstall,3
Hi,Oleksiak,6
Berti,Smardon,7
Lorraine,Halbard,1
Aldis,Sherewood,5
Rabbi,McGourty,4
Julietta,Layson,6
Graehme,Ditch,3
Benetta,Zanussii,4
Pandora,Seelbach,3
Hatty,Crotty,6
Tessa,Pogue,1
Grantley,Doogan,3
Sunny,Lanning,4
L;urette,Applegarth,5
Wendy,Oscroft,3
Ev,Baldack,3
Jania,Pesek,4
Kelley,Shenton,4
Doralynne,Sekulla,6
Price,Harrald,6
Allen,Welburn,6
Merwin,Doag,4
Jeannette,Symonds,3
Valaree,Heckner,1
Gussie,Palmar,7
Yehudi,Beggan,2
Drusilla,Tuson,2
Alanah,Dowtry,2
Kathlin,Cobleigh,3
Layne,Curston,6
Idell,Shropshire,5
Kimbra,Whelan,5
Nadean,Godsell,7
Katinka,Liger,2
Fallon,Kettles,4
Tally,Powland,4
Nolan,Jerosch,5
Viva,Yukhnini,1
Nevile,Jurewicz,4
Brand,Kaes,1
Celine,De la Yglesia,1
Adrian,Snary,7
Anny,Casterot,4
Jacques,Cosins,7
Lauretta,Greenhalf,3
Ettie,Condie,4
Tailor,Fellows,5
Iago,Szimon,7
Howard,Kittow,5
Smith,Okenden,1
West,Kibby,4
Perren,Randalston,6
Garnette,Chiese,7
Mace,Huntingdon,7
Konstantine,Parysowna,1
Cristina,Oseman,4
Finley,McClements,1
Vic,Barends,3
Bartholomew,Coyle,6
Krystal,Dunlea,6
Mireielle,Lundy,7
Sharla,Almond,5
Sibeal,Templeton,5
Pearce,Clayworth,3
Sheelah,Greder,1
Joly,Wybrow,3
Bondon,Antonazzi,4
Gwen,Biglin,6
Kip,Blowen,7
Moises,Orrocks,5
Norbie,Shoveller,4
Matty,Piperley,6
Wileen,Scamadine,1
Armstrong,Batiste,5
Daisey,Blanning,1
Jammal,Ouchterlony,6
Cynthea,Whittier,4
Templeton,Reynard,4
Baron,Sarre,3
Rex,Adds,5
Oberon,Pollie,2
Dorita,Messitt,4
Floria,Kitlee,1
James,Bartles,7
Jay,Yashaev,4
Leshia,Sanderson,2
Tiffy,Glanz,2
Kizzie,Dod,7
Madlen,Lethardy,4
Estella,Brende,6
Grover,Barstock,4
Amalee,Marquiss,6
Megan,Blyth,7
Willette,Fibbit,3
Calida,Dymond,5
Aharon,Ricardin,6
Maurits,Petyanin,6
Ermanno,Polglaze,3
Ancell,Borrel,5
Keven,Latchford,6
Rona,Hammill,4
Evita,Sirett,5
Lorry,Sarle,7
Kate,Fannon,6
Paulina,Vale,2
Earl,Kelleway,3
Culver,Daburn,1
Antonie,Worcester,6
Magda,Cullrford,3
Jeremiah,Diack,7
Lynett,Dibdin,4
Trace,Neenan,4
Miran,Gowans,2
Orsa,Orrey,3
Gillie,Bermingham,4
Mikaela,Madgwick,7
Maximo,Greenin,4
Daron,Fellis,6
Dorothea,Haselwood,6
Pernell,Howgego,1
Jaimie,Bebbell,1
Rici,Dohms,4
Oralla,Braffington,7
Elisa,Whiteley,2
Emalia,Kynson,2
Kakalina,Standbrook,7
Billy,Dionis,7
Kit,Fishbourn,1
Sayer,Romain,7
Welby,Dymott,1
Darci,Brozsset,3
Emelyne,Pierro,6
Afton,Ninotti,3
Sofie,Duinbleton,2
Franciskus,Brittles,4
Darline,Glandon,1
Adara,Beringer,6
Maddie,Kennard,7
Bobbe,Rangall,7
Osgood,Darnborough,3
Cory,Shackle,7
Denna,Bulluck,5
Jocelin,Slora,3
Woodman,Cockman,7
Wain,Jime,4
Twila,Bradmore,1
Marcus,Lemery,7
Alia,Whayman,4
Maximilien,Shipcott,4
Robina,Exroll,1
Walt,De Ferraris,3
Alf,Stiff,4
Vernon,Yateman,4
Von,Kearton,5
Dacie,Hunnam,3
Silvie,Lepere,6
Thorpe,Trudgion,6
Lucais,Hyrons,5
Matthieu,Hoyer,5
Reine,Djorvic,1
Saree,Farquhar,4
Sallyann,Tawse,7
Victor,Stonham,5
Corella,Thumnel,1
Andy,Philipard,2
Idette,Bande,3
Allyn,Wheldon,6
Leslie,Rontree,1
Bibbie,Bortolomei,4
Bartolemo,Cleave,5
Korry,Leirmonth,4
Aridatha,Bonicelli,7
Twila,Grinley,6
Lettie,Pennyman,6
Blake,MacIlhargy,4
Daniele,McCloy,1
Felizio,Weinmann,1
Ilsa,Tettley,6
Ardyce,Meriton,5
Shandee,Scard,1
Cristionna,Hegden,4
Mignonne,Dumsday,1
Raynell,Behneke,3
Adina,Gawthorpe,6
Sheff,De Andreis,6
Mab,Canepe,7
Dynah,Petrillo,6
Leroi,Crumpe,7
Lynnett,Gierardi,1
Winny,Scoggans,7
Shirlene,Palluschek,1
Zarah,Symington,5
Bernete,Westoff,2
Marlowe,Daniell,4
Berkly,Stanett,5
Dominga,Peat,4
Karlotte,Vaudre,1
Carmelina,Ashbridge,7
Ricardo,Barmby,3
Alyson,Lindsell,2
Valentine,McPherson,1
Analiese,Bliven,2
Nathanial,Matczak,1
Lanny,Alyukin,1
Emmott,Barnaby,4
Trudey,Skarman,6
Daloris,Skillicorn,2
Ranna,Eagland,2
Amitie,McGairl,1
Karissa,Dickon,7
Laural,Hexum,1
Quinlan,Franckton,3
Anissa,Semerad,5
Aland,Ashlee,4
Chickie,Asch,7
Linda,Haberjam,2
Ad,Falco,7
Care,Reihill,1
Odelia,Bayston,1
Tedi,Nekrews,7
Adore,Rowan,3
Thorn,Blencowe,5
Prudy,Duetsche,7
Ariana,Shearmer,3
Karoline,Gash,6
Liam,Sings,6
Denise,Huckleby,4
Truda,Welband,6
Kelcey,Dragonette,6
Bridgette,Hachard,4
Joy,Brobeck,6
Kimbra,Yuille,3
Harold,Dunckley,2
Tabbie,Edgar,4
Nataniel,Capinetti,3
Aldus,Lindro,5
Shaylah,Bottle,2
Pammie,Maxweell,2
Ericka,Ebourne,1
Trstram,Macci,2
Malory,Jonk,2
Jammal,Reubens,5
Ramsay,Wither,6
Yoshiko,Dies,3
Nicky,Rawes,7
Bourke,Upson,3
Bernetta,Barkaway,7
Cynthie,Marthen,3
Patricio,Meakin,3
Ivonne,World,1
Joey,McJury,6
Tammie,Alabone,5
Emmie,Laba,6
Blinny,Upwood,4
Carmine,Budd,3
Walker,Capron,7
Hollyanne,Tomaszewicz,1
Johna,Kordova,7
Brit,Craze,1
Babs,Swaysland,5
Ronica,Proppers,3
Sasha,Corsor,7
Grethel,Husset,1
Lotta,Ucceli,3
Gerrie,Bonehill,5
Buckie,Ezzle,1
Kizzie,Columbine,5
Bobbie,Cobbing,4
Dasha,Traite,7
Janetta,Dressell,2
Randall,Barnfield,5
Vonni,Mullin,1
Reg,Watting,3
Stanley,Monks,3
Cori,Oolahan,3
Killian,Cater,7
Angil,Grundy,3
Winston,Coltan,1
Elianora,Killshaw,5
Elsa,Yakutin,1
Melodie,Maine,1
Gena,Hollyman,7
Vallie,Beetles,3
Jada,Lindenman,4
Consolata,Augur,5
Gail,Farnish,2
Jdavie,Chard,6
Hartwell,Drakeley,3
Tanitansy,Lowther,2
Cherie,Himsworth,3
Pail,Weadick,6
Ivy,Bridgen,4
Porty,Lowdiane,1
Emylee,Shawel,2
Hayward,MacKellen,6
Charita,Mabee,2
Lelah,Huyghe,7
Audre,Balsdon,6
Melesa,Carillo,3
Penny,Nertney,6
Devan,Soppett,7
Philippe,Plume,3
Hunt,Zamboniari,1
Ralina,O'Lunny,5
Marianne,Doig,7
Hildegaard,Loveredge,6
Renee,Ingray,7
Stevana,Baddiley,4
Rafaelita,Punshon,3
Dacie,Harnetty,3
Davidde,Linch,2
Helsa,Parham,3
Gustave,Pickervance,1
Stearn,Quilleash,1
Bernhard,Pakes,5
Zebadiah,Nudde,6
Edgardo,Bickell,3
Alane,Biddiss,1
Marylynne,Hinckesman,3
Leslie,Hann,1
Johna,Degue,4
Leupold,Paladino,6
Adham,Purrier,7
Adlai,Trippitt,7
Anthony,Paolazzi,3
Muhammad,Daysh,7
Reyna,Dudson,4
Olivia,Elsay,5
Rica,Greensitt,6
Puff,Wattam,3
Claudina,Biasetti,3
Terrance,Sibary,5
Celinka,Skey,5
Dew,Bartlett,4
Gaye,Dallison,7
Terry,Lillow,3
Shel,Vice,2
Drucy,Greet,4
Ingelbert,Sessuns,3
Zak,Lillee,7
Mirilla,Davidow,3
Buiron,Crauford,3
Gizela,Oke,4
Candace,Glowacz,2
Rockey,Center,5
Lannie,Bessey,7
Blanche,Edling,5
Yevette,Crimpe,1
Kimmy,Brody,6
Burnaby,Gosby,1
Bearnard,Swainston,1
Chrissie,Torrans,2
Marc,Bailey,6
Merl,Pudner,6
Ivar,Noddings,6
Maryjo,Dewicke,7
Kippar,Lambrecht,7
Donielle,Selwyne,1
Kerstin,Escreet,2
Theresina,Woolnough,5
Marie,Antuk,2
Dolorita,Borrows,6
Cass,Seivertsen,4
Trumaine,Goncalo,1
Frank,Mersh,1
Magdalene,Treend,2
Blanca,Arnaez,7
Shirline,Saben,6
Grace,Fernie,4
Theda,Ryam,1
Ginny,Sebyer,2
Jesse,Worsall,1
Sammy,Ferrarotti,7
Alta,Ianittello,3
Joye,Sleit,5
Hanny,Cullity,5
Fair,Brandi,4
Derry,Crowest,5
Sasha,Tukesby,2
Jeffry,De Blasio,6
Mildrid,Blurton,5
Benedetto,Staker,2
Yalonda,Cranch,3
Andeee,Dorrity,5
Aron,Cosslett,1
Agretha,Ivanchikov,3
Desirae,Tondeur,2
De witt,Moorton,7
Etti,Ehlerding,4
Stavros,Rhead,2
Ansley,Took,5
Langston,Janjic,2
Yasmin,Jinkins,2
Corry,Lassells,2
Kareem,Shieldon,6
Blair,Troyes,5
Ivy,Briscam,3
Billie,Keyte,6
Rhodie,Lissimore,5
Jeannie,Clausen-Thue,2
Lonnard,Stivey,6
Jany,Batcock,4
Demetris,Aslett,4
Tammy,Elcombe,2
Eddy,O'Gaven,6
Stacee,Martine,5
Vivyanne,Aughtie,7
Flinn,Tollfree,5
Indira,Verna,5
Maximilianus,Hannam,6
Galvan,Pioch,4
Margi,Sentance,2
Ches,Thornebarrow,2
Evelin,Myott,5
Emmalyn,Piegrome,6
Lindy,Wallman,4
Kori,Feavers,2
Gussy,Dowdell,6
Merci,Tutsell,3
Kameko,Sherer,5
Amye,Barwis,6
Louisa,McRamsey,4
Aveline,Peggram,5
Valerie,MacDonagh,3
Ileana,Paolicchi,1
Warden,McDonnell,2
Cristi,Hargrove,5
Warde,Fullwood,5
Tristan,Parman,6
Patience,Turfin,7
Melva,Bradburn,7
Robinett,Kingaby,1
Jennee,Portch,1
Tomi,Murrison,1
Freddi,Phillps,2
Hagan,Rawne,6
Frieda,Peart,2
Lucien,Crean,6
Gilemette,Vezey,3
Janith,Amburgy,2
Cross,Oleksinski,7
Krystle,Davage,3
Doria,Oulet,3
Normie,Cleave,1
Waly,Tomet,4
Wadsworth,Gores,2
Kyrstin,Liebermann,3
Deni,Baudin,3
Ceciley,Kubicki,3
Jordanna,Siley,6
Bobbette,Whiteley,4
Peyton,Addekin,7
Lief,Barajaz,2
Esmaria,Tawn,5
Suzanne,Guiso,5
Korella,Lavelle,7
Harold,Heminsley,6
Minnaminnie,Vaneev,2
Amitie,Elvy,3
Markus,Madill,5
Carmon,Phear,7
Freddie,Eldered,4
Vallie,Payton,2
Rafaello,Shelp,2
Elana,Dupree,5
Davita,Reder,5
Zedekiah,Anstie,2
Cassie,Margaritelli,2
Sinclair,Blacklock,3
Farrell,Nise,4
Georgena,Richings,4
Kahlil,Buie,5
Drusi,Beckenham,4
Bogey,Andresen,2
Jobi,Dreossi,3
Isacco,Holston,3
Andris,Somerbell,2
Casey,Kelshaw,6
Dru,Lorryman,4
Gothart,Duigan,1
Jarred,Aggas,7
Emili,Matyja,7
Sherilyn,Jilkes,2
Jacklin,Scoyne,5
Kip,Bannell,4
Miles,Pavitt,4
Hedvig,Abbot,5
Melisa,Fibbens,6
Jecho,Ebbrell,6
Barris,Traves,5
Norrie,Kencott,1
Randell,Gummow,1
Robby,Scrivener,5
Gonzales,Blanchard,3
Marcela,Gath,6
Meryl,Laytham,6
Jacinda,Gelderd,7
Ilyssa,Fortie,4
Pascale,Casini,5
Katlin,Maulden,3
Perkin,Caughey,6
Leopold,Banton,1
Brittaney,Cumberpatch,3
Glynda,Lidierth,3
Lukas,Gallon,6
Massimo,Bedminster,4
Franciska,Betonia,1
Kathrine,Ducastel,3
Jaymee,Mannakee,1
Cam,Riccardini,2
Jamima,Cossor,3
Red,Braybrook,7
Agnese,Wahlberg,5
Erasmus,Simmers,6
Amye,Berni,3
Korney,Perring,1
Tiphany,Yepiskov,1
Jeannette,Kocher,6
Brig,Tremontana,4
Hiram,Birkenshaw,1
Louis,Gabbatiss,3
Christoforo,Gillon,6
Tatum,Daughton,4
Amberly,Wones,7
Suzanna,Richardeau,6
Jamima,Heed,3
Sandy,Helks,7
Gabbi,Dowdell,6
Faustine,Trimmell,7
Keelia,McBoyle,4
Wanids,Jaffrey,7
Flint,Donlon,7
Emile,Sprules,7
Ferne,Poure,7
Antoine,Haycox,5
Henka,Tartt,6
Glennis,Eastlake,2
Norris,Denness,6
Michele,Keford,1
Chere,Vinson,3
Natalie,Swynfen,6
Zane,Slaght,6
Penni,Nobriga,2
Deb,Martina,6
Alix,McGonnell,5
Poppy,Denniston,2
Dino,Behr,6
Nikolai,Paynton,3
Kalindi,Abella,7
Lina,Jedrzejczyk,3
Darrick,Shellard,4
Eunice,Brazur,6
Livvyy,Vasquez,3
Hyacintha,Figgen,2
Reggis,Daniello,5
Braden,Berrane,5
Gil,Wyrall,4
Emylee,Yurygyn,7
Rori,Colvill,6
Margot,Ibbitson,7
Brenden,Greengrass,7
Pepi,Marte,3
Lindi,Veare,4
Randi,Slucock,7
Tate,Guitton,4
Farris,Queree,1
Janina,Goulstone,2
Samara,McCuaig,1
Austin,Sangwin,5
Jasmina,Langforth,1
Marve,Geaney,6
Alyda,Drinkel,3
Karry,McLean,3
Jorgan,Beggan,3
Ned,Mathouse,6
Harrietta,Chumley,7
Florida,Forestall,4
Dodie,Potteril,5
Lacey,Addeycott,7
Yoshiko,Cona,1
Maggi,Readwood,5
Davon,Regglar,7
Laird,Dainty,5
Melvin,Halfhyde,5
Emlen,Dumingo,4
Aliza,Tarbett,5
Rosalynd,Henrion,7
Agata,Martyn,3
Basia,Oswal,5
Trumaine,Beggs,5
Loreen,MacCauley,1
Lynea,Zorzi,6
Hans,Bolstridge,7
Irvine,Roycroft,3
Thorstein,Valente,3
Rosemonde,Grovier,1
Pepe,Elsey,2
Nick,Jurzyk,6
Katharina,Joscelyne,7
Skip,Geipel,7
Parrnell,Penrith,4
Reggis,Ferandez,2
Valentine,Bischof,5
Adah,Townson,3
Andy,Yosifov,6
Tracey,Milham,6
Tammie,Meynell,3
Haywood,Tithecote,4
Caye,Gove,6
Armstrong,Nutman,2
Mariska,Bront,3
Shina,Ivanin,5
Vance,Bissiker,4
Ebenezer,Tussaine,6
Findley,Enriques,1
Rosamond,Belshaw,5
Barclay,Fieldgate,2
Tammie,O' Connell,5
Jami,Plunket,7
Stacee,Spinetti,6
Correna,Segrave,6
Gil,Hele,5
Isaiah,Doig,2
Davidson,Quodling,4
Saul,Swaby,4
Melanie,Glassard,5
Sharity,Galland,3
Antoine,Lillgard,5
Dorotea,Wadesworth,6
Kimberlee,Ciani,1
Pauline,Dorsey,2
Bettina,Forward,4
Mike,Ginnelly,1
Conroy,Hatcliffe,4
Cecil,Gavaghan,4
Filippa,Pattingson,1
Janene,Harford,4
Carri,Livings,6
Mitzi,Kleinhandler,6
Shaine,Matas,6
Fraze,Tutin,7
Nola,Mallett,7
Hardy,Burford,6
Sarine,Pedlingham,7
Bary,Amyes,3
Berthe,Sheerman,3
Charisse,Divina,4
Calla,Emms,7
West,Breheny,7
Patsy,Piner,5
Fairleigh,Janusz,6
Rodrick,Lepere,6
Kissie,Burkert,3
Alanson,Joost,6
Shelly,Deares,7
Angy,Moseby,2
Corabel,Triggol,7
Jose,Kennan,3
Ferd,Dey,2
Katlin,Bumphrey,7
Dana,Gauld,4
Alys,McReidy,3
Maure,Kenwell,2
Virgie,Roark,4
Jacklin,Biggerstaff,1
Wade,Fautly,7
Loydie,Capewell,2
Emmalynn,Sankey,3
Shannon,Gerring,7
Denna,Cornewall,5
Meyer,Barca,3
Goldia,Macklin,6
Curry,Dawbery,5
Heidi,Elderkin,6
Peggie,Derrett,2
Ingunna,Hauck,5
Emmott,Gosson,3
Guinna,O'Currine,4
Haleigh,Causier,3
Karel,Hovenden,2
Ragnar,Heathcott,1
Axe,Gleder,2
Poul,Frane,4
Jerry,Pelerin,5
Gayler,Littledike,1
Bartlett,Chilvers,1
Harwell,Munnings,6
Russell,Constantine,3
Zulema,Ludlom,7
Dewain,Wogdon,2
Merrily,Altamirano,5
Bartholemy,Rattrie,2
Leroi,Heikkinen,2
Kamila,Blakes,1
Vincent,Seedull,2
Remy,La Torre,7
Brig,Lawty,4
Kassie,Darben,5
Barnie,Drees,1
Leslie,Pezey,5
Ted,Gobel,1
Noach,Pagen,7
Elita,Taggert,3
Tony,Roches,2
Phelia,Wines,2
Kris,Boarer,3
Courtnay,Fearey,3
Bartie,Pedrazzi,6
Pincas,Sogg,4
Delainey,Rand,7
Alvy,Fleis,2
Chrotoem,Thominga,7
Ebeneser,Gobel,1
Orelee,Perillio,3
Carmelita,Wiffen,4
Dion,Grimestone,5
Terry,Sloey,2
Reube,Pallaske,5
Ossie,Woodard,6
Olly,Navarijo,4
Maybelle,Shackesby,5
Seumas,Plum,3
Burl,Glassborow,6
Farra,Laidler,7
Olwen,Callicott,2
Zoe,Djorvic,2
Tonye,Faudrie,6
Jody,Alvin,7
Brandie,Feuell,7
Mic,Stonard,4
Jilli,Kevane,2
Jessie,Fforde,3
Eleonora,Manntschke,6
Westley,Bergin,3
Thelma,Carabine,1
Nannie,Ferebee,4
Sib,Klink,3
Keely,Skellion,4
Erinna,Rosthorn,2
Elvin,Lewinton,6
Rosana,Zoellner,5
Elaine,Blackborough,4
Roddie,Ovett,4
Ninnetta,Galia,2
Casandra,Norewood,6
Pen,Haney`,2
Brigg,Mendel,3
Susana,Cookney,2
Codi,Widger,7
Sonny,Finlason,7
Felike,Whardley,2
Aileen,Overill,1
Rayna,Hobble,6
Dela,Corradeschi,3
Temple,Arnald,3
Corey,Garnsworthy,4
Lyssa,Skotcher,3
Farra,Congreave,3
Chanda,Hartle,4
Emmott,Pressman,7
Alvera,Roussel,3
Korney,Pennington,5
Travus,Rousby,4
Wakefield,Pleaden,6
Amy,Pirrie,1
Barn,Poyntz,2
Heindrick,Okie,1
Gan,Thulborn,1
Delphinia,Wallach,4
Harlin,Hallad,1
Ida,Side,5
Lia,Cavilla,3
Tammie,Bevans,2
Towney,Genny,5
Darsie,Midson,2
Bobbee,Timeby,6
Giacinta,Pardal,1
Justinian,McCrossan,4
Maxine,Peizer,2
Claudell,Oloshin,3
Risa,Marc,2
Leontine,Kowalski,4
Yasmin,Lindsell,4
Carlyle,Bestwick,6
Arnold,Emps,3
Cassandry,Trevaskus,6
Julianna,Whitlock,6
Meryl,Grzelewski,1
Louella,Ketch,2
Meredith,Dreng,3
Brana,Bridgstock,5
Efrem,Roswarne,3
Catrina,Hannabuss,2
Ainslie,Swansbury,5
Jerry,Archard,4
Cly,Chevis,1
Tarrance,Alves,4
Geneva,Bakesef,3
Rosaline,Youel,5
Livvyy,Cessford,4
Deirdre,Maharey,1
Dyan,Heckney,4
Alika,Bunclark,7
Daryle,Flewitt,1
Clovis,Okeshott,7
Gratia,Shory,5
Alane,Beidebeke,4
Bridie,Hembery,2
Hannis,Loughran,7
Gwen,Glowinski,3
Henrie,Wrightson,6
Ludwig,Raine,7
Hamel,Pie,4
Tamma,Sergison,2
Ninetta,Worling,7
Stanford,Tinton,3
Ertha,MacCook,6
Lawton,Randles,4
Engracia,Pashbee,5