Full Name,Emergency Contact No.,Year Group
Arin Klimashevich,260-857-0158,5
Annabal Neve,117-274-3348,5
Don Maine,193-276-4085,5
Wendel Hunnywell,829-741-7802,5
Beale Sambles,496-301-6802,5
Kristo Creak,182-208-2491,5
Cati Lammerts,865-246-4254,5
Brigit Lauchlan,845-307-2005,5
Stefan Sanja,354-741-6671,5
Vivyanne Gettone,716-553-7581,5
Almire Frith,260-667-3710,5
Dredi Cookman,677-326-4990,5
Daniele Menlove,927-404-1284,5
Raffarty Wolfers,568-139-6604,5
Maighdiln Arunowicz,241-286-6346,5
Lizzie Moughtin,619-314-0198,5
Willabella Dinsale,740-793-0802,5
Stormi Pitchers,723-178-1279,5
Mary Vasilchenko,643-967-1595,5
Richy Dahlberg,259-518-0189,5
Rebeka Botte,735-138-5445,5
Peria Dacey,744-885-9438,5
Piggy Torel,907-455-7628,5
Abel Roath,868-878-6038,5
Odetta Lochhead,318-167-9538,5
Hugh Stampe,819-172-1274,5
Vaclav Minshaw,881-779-3132,5
Lib Tenant,371-528-3201,5
Cori Perocci,703-442-6477,5
Alexi Geer,400-862-1697,5
Gerrie Selwyne,559-877-6818,5
Lois Gadman,294-616-3075,5
West Bodleigh,534-194-0222,5
Ernestine Gonnin,664-492-8905,5
Tessie Kennally,700-309-3837,5
Hazel Sunter,984-372-6153,5
Ian Pardue,411-367-9335,5
Kelvin Lillo,392-225-8348,5
Jade Jent,615-655-1198,5
Augustine Tolchard,154-425-7909,5
Fidole Blinman,950-259-5842,5
Raffaello Meas,638-830-0887,5
Erica Tasker,128-758-6484,5
Conchita Bartolini,556-509-1954,5
Izzy Scriven,748-449-4406,5
Parsifal Apps,128-899-8321,5
Riley Rawling,580-838-8956,5
Dore Steaning,419-924-8591,5
Pearle Riddall,329-740-4127,5
Daphene Shorthill,657-578-4426,5
Chantalle Sapseed,895-642-1952,5
Taddeusz McDougal,511-929-8683,5
Zane Ayce,361-627-3064,5
Lonni Gueinn,383-784-5594,5
Phylis Skippen,155-294-6598,5
Bonny Odegaard,408-627-6037,5
Dolorita Gauler,667-625-3226,5
Benji McGeechan,146-875-2436,5
Hewett Lydiatt,172-354-6889,5
Lukas Laurencot,757-638-2853,5